,Date,Open,High,Low,Close,Volume,Dividends,Stock Splits,SwingHigh,SwingLow,Trend,AdjSwingHigh,AdjSwingLow,level_0,level_38,level_50,level_61,level_78,level_100,level_127,level_161,level_261,val,diff,FibonacciLevels
0,2021-03-17,214.05767511775667,214.82577018701176,204.9845896533051,206.2327423095703,17070297,0.0,0,214.82577018701176,182.51791076357787,-1,0.0,0.0,0.0,0.0,0.0,0.0,0.0,0.0,0.0,0.0,0.0,204.9845896533051,0.0,214.82577018701176
1,2021-03-18,208.77705251081807,211.41736937659115,202.7763323613338,206.28076171875,17966016,0.0,0,214.82577018701176,182.51791076357787,-1,0.0,0.0,0.0,0.0,0.0,0.0,0.0,0.0,0.0,0.0,0.0,202.7763323613338,0.0,211.41736937659115
2,2021-03-19,204.0244781458696,209.3051116978804,199.46393098731488,206.664794921875,26324176,0.0,0,214.82577018701176,182.51791076357787,-1,0.0,0.0,0.0,0.0,0.0,0.0,0.0,0.0,0.0,0.0,0.0,199.46393098731488,0.0,209.3051116978804
3,2021-03-22,208.1049710952383,209.545143905586,203.73644397381128,204.74456787109372,15774618,0.0,0,214.82577018701176,182.51791076357787,-1,0.0,0.0,0.0,0.0,0.0,0.0,0.0,0.0,0.0,0.0,0.0,203.73644397381128,0.0,209.545143905586
4,2021-03-23,205.8007013058371,207.38488554366188,202.7283209109598,204.26451110839844,16778279,0.0,0,214.82577018701176,182.51791076357787,-1,0.0,0.0,0.0,0.0,0.0,0.0,0.0,0.0,0.0,0.0,0.0,202.7283209109598,0.0,207.38488554366188
5,2021-03-24,203.54441430316257,203.9284545078076,193.94326268508885,195.09539794921875,16996355,0.0,0,214.82577018701176,182.51791076357787,-1,0.0,0.0,0.0,0.0,0.0,0.0,0.0,0.0,0.0,0.0,0.0,193.94326268508885,0.0,203.9284545078076
6,2021-03-25,195.3834423967469,195.76748261508996,185.8783078159022,187.7985382080078,21311729,0.0,0,214.82577018701176,182.51791076357787,-1,0.0,0.0,0.0,0.0,0.0,0.0,0.0,0.0,0.0,0.0,0.0,185.8783078159022,0.0,195.76748261508996
7,2021-03-26,190.77488068652303,194.56733266481532,188.75864762664105,190.05479431152344,14934595,0.0,0,214.82577018701176,182.51791076357787,-1,0.0,0.0,0.0,0.0,0.0,0.0,0.0,0.0,0.0,0.0,0.0,188.75864762664105,0.0,194.56733266481532
8,2021-03-30,192.98315820425887,192.98315820425887,185.39825386625927,188.2305908203125,10655953,0.0,0,214.82577018701176,182.51791076357787,-1,0.0,0.0,0.0,0.0,0.0,0.0,0.0,0.0,0.0,0.0,0.0,185.39825386625927,0.0,192.98315820425887
9,2021-03-31,188.1825705957777,193.12715778961947,185.49424522865615,188.66262817382807,13580819,0.0,0,214.82577018701176,182.51791076357787,-1,0.0,0.0,0.0,0.0,0.0,0.0,0.0,0.0,0.0,0.0,0.0,185.49424522865615,0.0,193.12715778961947
10,2021-04-01,192.07104308589413,197.3036678431804,188.4706111909456,196.4875640869141,14256246,0.0,0,214.82577018701176,182.51791076357787,-1,0.0,0.0,0.0,0.0,0.0,0.0,0.0,0.0,0.0,0.0,0.0,188.4706111909456,0.0,197.3036678431804
11,2021-04-05,195.8635065771379,196.63160168983248,182.51791076357787,185.686279296875,15741065,0.0,0,214.82577018701176,182.51791076357787,-1,0.0,0.0,0.0,0.0,0.0,0.0,0.0,0.0,0.0,0.0,0.0,182.51791076357787,0.0,196.63160168983248
12,2021-04-06,186.74240133392237,189.71876423325563,184.67815957000064,187.3664703369141,8314592,0.0,0,214.82577018701176,182.51791076357787,-1,0.0,0.0,0.0,0.0,0.0,0.0,0.0,0.0,0.0,0.0,0.0,184.67815957000064,0.0,189.71876423325563
13,2021-04-07,188.3746041210497,190.4868546849576,186.6944024781374,187.89454650878903,9593988,0.0,0,190.4868546849576,148.04976475881932,-1,214.82577018701176,148.04976475881932,214.82577018701176,189.31733611344225,181.43776747291554,173.55819883238883,162.3398299204525,148.04976475881932,130.02024329320736,106.78219340419639,40.00618797600396,186.6944024781374,66.77600542819243,190.4868546849576
14,2021-04-08,188.9506666095733,189.4307241900599,182.9979555415781,183.6220245361328,15539748,0.0,0,190.4868546849576,148.04976475881932,-1,214.82577018701176,148.04976475881932,214.82577018701176,189.31733611344225,181.43776747291554,173.55819883238883,162.3398299204525,148.04976475881932,130.02024329320736,106.78219340419639,40.00618797600396,182.9979555415781,66.77600542819243,189.4307241900599
15,2021-04-09,182.9979690478628,187.79854520703864,181.36576143358636,184.5821533203125,14452759,0.0,0,190.4868546849576,148.04976475881932,-1,214.82577018701176,148.04976475881932,214.82577018701176,189.31733611344225,181.43776747291554,173.55819883238883,162.3398299204525,148.04976475881932,130.02024329320736,106.78219340419639,40.00618797600396,181.36576143358636,66.77600542819243,187.79854520703864
16,2021-04-12,179.06148332438863,179.4455235411457,159.90718817227454,161.87542724609375,23457223,0.0,0,190.4868546849576,148.04976475881932,-1,214.82577018701176,148.04976475881932,214.82577018701176,189.31733611344225,181.43776747291554,173.55819883238883,162.3398299204525,148.04976475881932,130.02024329320736,106.78219340419639,40.00618797600396,159.90718817227454,66.77600542819243,179.4455235411457
17,2021-04-13,165.13981525367413,166.48397068054447,159.8591816263764,164.9958038330078,16528864,0.0,0,190.4868546849576,148.04976475881932,-1,214.82577018701176,148.04976475881932,214.82577018701176,189.31733611344225,181.43776747291554,173.55819883238883,162.3398299204525,148.04976475881932,130.02024329320736,106.78219340419639,40.00618797600396,159.8591816263764,66.77600542819243,166.48397068054447
18,2021-04-15,162.3554891400251,164.85177991541846,154.67456739999213,158.37100219726562,19875117,0.0,0,190.4868546849576,148.04976475881932,-1,214.82577018701176,148.04976475881932,214.82577018701176,189.31733611344225,181.43776747291554,173.55819883238883,162.3398299204525,148.04976475881932,130.02024329320736,106.78219340419639,40.00618797600396,154.67456739999213,66.77600542819243,164.85177991541846
19,2021-04-16,159.3791233816642,161.77941138440008,157.45889297947545,159.18710327148438,12193525,0.0,0,190.4868546849576,148.04976475881932,-1,214.82577018701176,148.04976475881932,214.82577018701176,189.31733611344225,181.43776747291554,173.55819883238883,162.3398299204525,148.04976475881932,130.02024329320736,106.78219340419639,40.00618797600396,157.45889297947545,66.77600542819243,161.77941138440008
20,2021-04-19,149.96999520873968,156.16273547969365,148.04976475881932,154.43453979492188,19449239,0.0,0,190.4868546849576,148.04976475881932,-1,214.82577018701176,148.04976475881932,214.82577018701176,189.31733611344225,181.43776747291554,173.55819883238883,162.3398299204525,148.04976475881932,130.02024329320736,106.78219340419639,40.00618797600396,148.04976475881932,66.77600542819243,156.16273547969365
21,2021-04-20,157.2668771815406,161.29935820666813,156.49878206956492,158.51502990722656,14995164,0.0,0,190.4868546849576,148.04976475881932,-1,214.82577018701176,148.04976475881932,214.82577018701176,189.31733611344225,181.43776747291554,173.55819883238883,162.3398299204525,148.04976475881932,130.02024329320736,106.78219340419639,40.00618797600396,156.49878206956492,66.77600542819243,161.29935820666813
22,2021-04-22,163.21958212733998,178.2933876643553,162.49949573560173,169.8923797607422,60072483,0.0,0,190.4868546849576,148.04976475881932,-1,214.82577018701176,148.04976475881932,214.82577018701176,189.31733611344225,181.43776747291554,173.55819883238883,162.3398299204525,148.04976475881932,130.02024329320736,106.78219340419639,40.00618797600396,162.49949573560173,66.77600542819243,178.2933876643553
23,2021-04-23,169.0282835824983,171.86062048730588,166.43597547725398,170.03640747070312,14258664,0.0,0,190.4868546849576,148.04976475881932,-1,214.82577018701176,148.04976475881932,214.82577018701176,189.31733611344225,181.43776747291554,173.55819883238883,162.3398299204525,148.04976475881932,130.02024329320736,106.78219340419639,40.00618797600396,166.43597547725398,66.77600542819243,171.86062048730588
24,2021-04-26,172.4366931476042,174.16488876106476,167.15605962822005,172.10064697265625,10635194,0.0,0,190.4868546849576,148.04976475881932,-1,214.82577018701176,148.04976475881932,214.82577018701176,189.31733611344225,181.43776747291554,173.55819883238883,162.3398299204525,148.04976475881932,130.02024329320736,106.78219340419639,40.00618797600396,167.15605962822005,66.77600542819243,174.16488876106476
25,2021-04-27,171.86062565648646,175.84509798900268,169.94039520222404,174.69296264648438,11959297,0.0,0,190.4868546849576,148.04976475881932,-1,214.82577018701176,148.04976475881932,214.82577018701176,189.31733611344225,181.43776747291554,173.55819883238883,162.3398299204525,148.04976475881932,130.02024329320736,106.78219340419639,40.00618797600396,169.94039520222404,66.77600542819243,175.84509798900268
26,2021-04-28,177.3332700924142,184.34211380785607,175.79709460079903,179.34951782226562,22377763,0.0,0,184.34211380785607,167.68411434202218,1,190.4868546849576,148.04976475881932,148.04976475881932,164.26073311060415,169.26830972188844,174.27588633317276,181.405317440764,190.4868546849576,201.94486896501493,216.71297625931106,259.1500661854493,184.34211380785607,42.43708992613827,175.79709460079903
27,2021-04-29,181.12572232695743,182.32586629851215,174.06888456433282,174.78897094726562,11675404,0.0,0,184.34211380785607,167.68411434202218,1,190.4868546849576,148.04976475881932,148.04976475881932,164.26073311060415,169.26830972188844,174.27588633317276,181.405317440764,190.4868546849576,201.94486896501493,216.71297625931106,259.1500661854493,182.32586629851215,42.43708992613827,174.06888456433282
28,2021-04-30,170.9005031734151,178.77344477158957,170.13240809428208,173.828857421875,10062923,0.0,0,184.34211380785607,167.68411434202218,1,190.4868546849576,148.04976475881932,148.04976475881932,164.26073311060415,169.26830972188844,174.27588633317276,181.405317440764,190.4868546849576,201.94486896501493,216.71297625931106,259.1500661854493,178.77344477158957,42.43708992613827,170.13240809428208
29,2021-05-03,171.76460142702587,173.1567801710294,168.98027323940912,170.99652099609375,7619725,0.0,0,184.34211380785607,167.68411434202218,1,190.4868546849576,148.04976475881932,148.04976475881932,164.26073311060415,169.26830972188844,174.27588633317276,181.405317440764,190.4868546849576,201.94486896501493,216.71297625931106,259.1500661854493,173.1567801710294,42.43708992613827,168.98027323940912
30,2021-05-04,172.820727744799,179.82957130004365,169.7963708693429,170.90049743652344,14744076,0.0,0,184.34211380785607,167.68411434202218,1,190.4868546849576,148.04976475881932,148.04976475881932,164.26073311060415,169.26830972188844,174.27588633317276,181.405317440764,190.4868546849576,201.94486896501493,216.71297625931106,259.1500661854493,179.82957130004365,42.43708992613827,169.7963708693429
31,2021-05-05,172.82073604385965,174.06888873421548,170.22842793324082,172.38868713378906,6303970,0.0,0,184.34211380785607,167.68411434202218,1,190.4868546849576,148.04976475881932,148.04976475881932,164.26073311060415,169.26830972188844,174.27588633317276,181.405317440764,190.4868546849576,201.94486896501493,216.71297625931106,259.1500661854493,174.06888873421548,42.43708992613827,170.22842793324082
32,2021-05-06,173.97287185164188,174.16489196220067,167.68411434202218,169.5563507080078,7682028,0.0,0,184.34211380785607,167.68411434202218,1,190.4868546849576,148.04976475881932,148.04976475881932,164.26073311060415,169.26830972188844,174.27588633317276,181.405317440764,190.4868546849576,201.94486896501493,216.71297625931106,259.1500661854493,174.16489196220067,42.43708992613827,167.68411434202218
33,2021-05-07,171.09251777689278,174.6929496099511,170.42044009809416,172.6287078857422,9329070,0.0,0,184.34211380785607,167.68411434202218,1,190.4868546849576,148.04976475881932,148.04976475881932,164.26073311060415,169.26830972188844,174.27588633317276,181.405317440764,190.4868546849576,201.94486896501493,216.71297625931106,259.1500661854493,174.6929496099511,42.43708992613827,170.42044009809416
34,2021-05-10,174.0208756649683,180.597670481212,172.62871158968753,179.34951782226562,13752149,0.0,0,184.34211380785607,167.68411434202218,1,190.4868546849576,148.04976475881932,148.04976475881932,164.26073311060415,169.26830972188844,174.27588633317276,181.405317440764,190.4868546849576,201.94486896501493,216.71297625931106,259.1500661854493,180.597670481212,42.43708992613827,172.62871158968753
35,2021-05-11,176.18114361863226,182.03785234559692,174.93299089728944,177.52529907226562,13113112,0.0,0,184.34211380785607,167.68411434202218,1,190.4868546849576,148.04976475881932,148.04976475881932,164.26073311060415,169.26830972188844,174.27588633317276,181.405317440764,190.4868546849576,201.94486896501493,216.71297625931106,259.1500661854493,182.03785234559692,42.43708992613827,174.93299089728944
36,2021-05-12,179.06148771813787,185.2542279290209,177.14125728684417,180.213623046875,14808531,0.0,0,184.34211380785607,167.68411434202218,1,190.4868546849576,148.04976475881932,148.04976475881932,164.26073311060415,169.26830972188844,174.27588633317276,181.405317440764,190.4868546849576,201.94486896501493,216.71297625931106,259.1500661854493,185.2542279290209,42.43708992613827,177.14125728684417
37,2021-05-14,182.4218885748117,182.9499548665147,174.83698433098976,176.46917724609375,12309820,0.0,0,184.34211380785607,167.68411434202218,1,190.4868546849576,148.04976475881932,148.04976475881932,164.26073311060415,169.26830972188844,174.27588633317276,181.405317440764,190.4868546849576,201.94486896501493,216.71297625931106,259.1500661854493,182.9499548665147,42.43708992613827,174.83698433098976
38,2021-05-17,177.9573610802222,181.1257295717004,176.99724586457535,180.213623046875,8300469,0.0,0,184.34211380785607,167.68411434202218,1,190.4868546849576,148.04976475881932,148.04976475881932,164.26073311060415,169.26830972188844,174.27588633317276,181.405317440764,190.4868546849576,201.94486896501493,216.71297625931106,259.1500661854493,181.1257295717004,42.43708992613827,176.99724586457535
39,2021-05-18,181.845810925337,186.93442435676303,181.46177070983867,184.19810485839844,11282907,0.0,0,184.34211380785607,167.68411434202218,1,190.4868546849576,148.04976475881932,148.04976475881932,164.26073311060415,169.26830972188844,174.27588633317276,181.405317440764,190.4868546849576,201.94486896501493,216.71297625931106,259.1500661854493,186.93442435676303,42.43708992613827,181.46177070983867
40,2021-05-19,184.9661918518219,187.0304483713999,182.9499586736289,185.54226684570312,9321102,0.0,0,184.34211380785607,167.68411434202218,1,190.4868546849576,148.04976475881932,148.04976475881932,164.26073311060415,169.26830972188844,174.27588633317276,181.405317440764,190.4868546849576,201.94486896501493,216.71297625931106,259.1500661854493,187.0304483713999,42.43708992613827,182.9499586736289
41,2021-05-20,189.57473662047977,207.81692477677177,184.8221694782216,200.9040985107422,78804626,0.0,0,184.34211380785607,167.68411434202218,1,190.4868546849576,148.04976475881932,148.04976475881932,164.26073311060415,169.26830972188844,174.27588633317276,181.405317440764,190.4868546849576,201.94486896501493,216.71297625931106,259.1500661854493,207.81692477677177,42.43708992613827,184.8221694782216
42,2021-05-21,205.4646580954992,212.95355977855183,203.64044502856137,206.9048309326172,33200501,0.0,0,184.34211380785607,167.68411434202218,1,190.4868546849576,148.04976475881932,148.04976475881932,164.26073311060415,169.26830972188844,174.27588633317276,181.405317440764,190.4868546849576,201.94486896501493,216.71297625931106,259.1500661854493,212.95355977855183,42.43708992613827,203.64044502856137
43,2021-05-24,209.11308824946147,213.1455690583645,207.0488318310765,208.58502197265625,15898896,0.0,0,184.34211380785607,167.68411434202218,1,190.4868546849576,148.04976475881932,148.04976475881932,164.26073311060415,169.26830972188844,174.27588633317276,181.405317440764,190.4868546849576,201.94486896501493,216.71297625931106,259.1500661854493,213.1455690583645,42.43708992613827,207.0488318310765
44,2021-05-25,210.697277700188,211.1773353001657,205.32064137055457,206.3287506103516,9973246,0.0,0,184.34211380785607,167.68411434202218,1,190.4868546849576,148.04976475881932,148.04976475881932,164.26073311060415,169.26830972188844,174.27588633317276,181.405317440764,190.4868546849576,201.94486896501493,216.71297625931106,259.1500661854493,211.1773353001657,42.43708992613827,205.32064137055457
45,2021-05-26,206.56877601030703,217.9461468025908,206.4727732820089,215.64187622070312,26738139,0.0,0,184.34211380785607,167.68411434202218,1,190.4868546849576,148.04976475881932,148.04976475881932,164.26073311060415,169.26830972188844,174.27588633317276,181.405317440764,190.4868546849576,201.94486896501493,216.71297625931106,259.1500661854493,217.9461468025908,42.43708992613827,217.9461468025908
46,2021-05-27,216.60199985556036,217.41808900381244,212.8575417011593,216.6499938964844,13495571,0.0,0,184.34211380785607,167.68411434202218,1,190.4868546849576,148.04976475881932,148.04976475881932,164.26073311060415,169.26830972188844,174.27588633317276,181.405317440764,190.4868546849576,201.94486896501493,216.71297625931106,259.1500661854493,217.41808900381244,42.43708992613827,217.41808900381244
47,2021-05-28,219.9499969482422,229.8999938964844,217.6000061035156,223.5500030517578,21460043,9.0,0,229.8999938964844,217.6000061035156,1,229.8999938964844,167.68411434202218,167.68411434202218,191.45058033182676,198.7920541192533,206.13352790667983,216.5857956718295,229.8999938964844,246.6982813761892,268.34940746114205,330.56528701560427,229.8999938964844,62.21587955446222,217.6000061035156
48,2021-05-31,223.1999969482422,232.6999969482422,220.0,223.9499969482422,20839252,0.0,0,229.8999938964844,217.6000061035156,1,229.8999938964844,167.68411434202218,167.68411434202218,191.45058033182676,198.7920541192533,206.13352790667983,216.5857956718295,229.8999938964844,246.6982813761892,268.34940746114205,330.56528701560427,232.6999969482422,62.21587955446222,220.0
49,2021-06-01,223.1999969482422,230.3000030517578,219.6000061035156,221.6999969482422,14391701,0.0,0,229.8999938964844,217.6000061035156,1,229.8999938964844,167.68411434202218,167.68411434202218,191.45058033182676,198.7920541192533,206.13352790667983,216.5857956718295,229.8999938964844,246.6982813761892,268.34940746114205,330.56528701560427,230.3000030517578,62.21587955446222,219.6000061035156
50,2021-06-02,223.0,227.8999938964844,221.5,226.9499969482422,11855895,0.0,0,229.8999938964844,217.6000061035156,1,229.8999938964844,167.68411434202218,167.68411434202218,191.45058033182676,198.7920541192533,206.13352790667983,216.5857956718295,229.8999938964844,246.6982813761892,268.34940746114205,330.56528701560427,227.8999938964844,62.21587955446222,221.5
51,2021-06-03,229.1999969482422,235.6000061035156,228.1000061035156,228.8000030517578,21409932,0.0,0,229.8999938964844,217.6000061035156,1,229.8999938964844,167.68411434202218,167.68411434202218,191.45058033182676,198.7920541192533,206.13352790667983,216.5857956718295,229.8999938964844,246.6982813761892,268.34940746114205,330.56528701560427,235.6000061035156,62.21587955446222,228.1000061035156
52,2021-06-04,229.8999938964844,272.75,227.75,261.3500061035156,67011564,0.0,0,229.8999938964844,217.6000061035156,1,229.8999938964844,167.68411434202218,167.68411434202218,191.45058033182676,198.7920541192533,206.13352790667983,216.5857956718295,229.8999938964844,246.6982813761892,268.34940746114205,330.56528701560427,272.75,62.21587955446222,272.75
53,2021-06-07,263.5,263.70001220703125,246.3999938964844,247.8000030517578,29597092,0.0,0,229.8999938964844,217.6000061035156,1,229.8999938964844,167.68411434202218,167.68411434202218,191.45058033182676,198.7920541192533,206.13352790667983,216.5857956718295,229.8999938964844,246.6982813761892,268.34940746114205,330.56528701560427,263.70001220703125,62.21587955446222,246.3999938964844
54,2021-06-08,249.1999969482422,256.79998779296875,246.0500030517578,251.8999938964844,20919172,0.0,0,229.8999938964844,217.6000061035156,1,229.8999938964844,167.68411434202218,167.68411434202218,191.45058033182676,198.7920541192533,206.13352790667983,216.5857956718295,229.8999938964844,246.6982813761892,268.34940746114205,330.56528701560427,256.79998779296875,62.21587955446222,246.0500030517578
55,2021-06-09,253.5,275.5,253.5,262.1499938964844,62583362,0.0,0,229.8999938964844,217.6000061035156,1,229.8999938964844,167.68411434202218,167.68411434202218,191.45058033182676,198.7920541192533,206.13352790667983,216.5857956718295,229.8999938964844,246.6982813761892,268.34940746114205,330.56528701560427,275.5,62.21587955446222,275.5
56,2021-06-10,265.8999938964844,296.79998779296875,264.20001220703125,285.3999938964844,97024320,0.0,0,229.8999938964844,217.6000061035156,1,229.8999938964844,167.68411434202218,167.68411434202218,191.45058033182676,198.7920541192533,206.13352790667983,216.5857956718295,229.8999938964844,246.6982813761892,268.34940746114205,330.56528701560427,296.79998779296875,62.21587955446222,296.79998779296875
57,2021-06-11,279.6000061035156,294.79998779296875,278.0,287.3500061035156,49445404,0.0,0,229.8999938964844,217.6000061035156,1,229.8999938964844,167.68411434202218,167.68411434202218,191.45058033182676,198.7920541192533,206.13352790667983,216.5857956718295,229.8999938964844,246.6982813761892,268.34940746114205,330.56528701560427,294.79998779296875,62.21587955446222,294.79998779296875
58,2021-06-14,288.0,304.0,282.6499938964844,298.5,48702821,0.0,0,229.8999938964844,217.6000061035156,1,229.8999938964844,167.68411434202218,167.68411434202218,191.45058033182676,198.7920541192533,206.13352790667983,216.5857956718295,229.8999938964844,246.6982813761892,268.34940746114205,330.56528701560427,304.0,62.21587955446222,304.0
59,2021-06-15,301.20001220703125,312.45001220703125,300.1000061035156,308.5,35149128,0.0,0,229.8999938964844,217.6000061035156,1,229.8999938964844,167.68411434202218,167.68411434202218,191.45058033182676,198.7920541192533,206.13352790667983,216.5857956718295,229.8999938964844,246.6982813761892,268.34940746114205,330.56528701560427,312.45001220703125,62.21587955446222,312.45001220703125
60,2021-06-16,312.5,313.70001220703125,292.45001220703125,298.79998779296875,53473706,0.0,0,313.70001220703125,258.45001220703125,-1,313.70001220703125,217.6000061035156,313.70001220703125,276.9898098754883,265.65000915527344,254.31020843505857,238.16540740966795,217.6000061035156,191.65300445556636,158.21020233154292,62.11019622802726,292.45001220703125,96.10000610351565,313.70001220703125
61,2021-06-17,294.0,301.5,281.20001220703125,283.70001220703125,31084828,0.0,0,313.70001220703125,258.45001220703125,-1,313.70001220703125,217.6000061035156,313.70001220703125,276.9898098754883,265.65000915527344,254.31020843505857,238.16540740966795,217.6000061035156,191.65300445556636,158.21020233154292,62.11019622802726,281.20001220703125,96.10000610351565,301.5
62,2021-06-18,286.95001220703125,288.79998779296875,268.3500061035156,278.8999938964844,31340003,0.0,0,313.70001220703125,258.45001220703125,-1,313.70001220703125,217.6000061035156,313.70001220703125,276.9898098754883,265.65000915527344,254.31020843505857,238.16540740966795,217.6000061035156,191.65300445556636,158.21020233154292,62.11019622802726,268.3500061035156,96.10000610351565,288.79998779296875
63,2021-06-21,271.5,283.6000061035156,268.79998779296875,276.8999938964844,20934373,0.0,0,313.70001220703125,258.45001220703125,-1,313.70001220703125,217.6000061035156,313.70001220703125,276.9898098754883,265.65000915527344,254.31020843505857,238.16540740966795,217.6000061035156,191.65300445556636,158.21020233154292,62.11019622802726,268.79998779296875,96.10000610351565,283.6000061035156
64,2021-06-22,280.0,288.79998779296875,273.6499938964844,275.54998779296875,22210816,0.0,0,313.70001220703125,258.45001220703125,-1,313.70001220703125,217.6000061035156,313.70001220703125,276.9898098754883,265.65000915527344,254.31020843505857,238.16540740966795,217.6000061035156,191.65300445556636,158.21020233154292,62.11019622802726,273.6499938964844,96.10000610351565,288.79998779296875
65,2021-06-23,279.0,279.0,266.54998779296875,268.1499938964844,18009719,0.0,0,279.0,201.4499969482422,-1,279.0,201.4499969482422,279.0,249.3758988342285,240.2249984741211,231.07409811401368,218.04569760131835,201.4499969482422,180.51149612426758,153.52409506225587,75.97409201049803,266.54998779296875,77.55000305175781,279.0
66,2021-06-24,270.5,272.5,263.0,264.45001220703125,16563299,0.0,0,279.0,201.4499969482422,-1,279.0,201.4499969482422,279.0,249.3758988342285,240.2249984741211,231.07409811401368,218.04569760131835,201.4499969482422,180.51149612426758,153.52409506225587,75.97409201049803,263.0,77.55000305175781,272.5
67,2021-06-25,267.6000061035156,276.3999938964844,263.6000061035156,271.3999938964844,20318301,0.0,0,279.0,201.4499969482422,-1,279.0,201.4499969482422,279.0,249.3758988342285,240.2249984741211,231.07409811401368,218.04569760131835,201.4499969482422,180.51149612426758,153.52409506225587,75.97409201049803,263.6000061035156,77.55000305175781,276.3999938964844
68,2021-06-28,273.0,278.0,266.70001220703125,268.1499938964844,15410694,0.0,0,279.0,201.4499969482422,-1,279.0,201.4499969482422,279.0,249.3758988342285,240.2249984741211,231.07409811401368,218.04569760131835,201.4499969482422,180.51149612426758,153.52409506225587,75.97409201049803,266.70001220703125,77.55000305175781,278.0
69,2021-06-29,270.0,270.8999938964844,262.0,264.0,12229932,0.0,0,279.0,201.4499969482422,-1,279.0,201.4499969482422,279.0,249.3758988342285,240.2249984741211,231.07409811401368,218.04569760131835,201.4499969482422,180.51149612426758,153.52409506225587,75.97409201049803,262.0,77.55000305175781,270.8999938964844
70,2021-06-30,266.5,266.6000061035156,259.8500061035156,261.04998779296875,12251463,0.0,0,279.0,201.4499969482422,-1,279.0,201.4499969482422,279.0,249.3758988342285,240.2249984741211,231.07409811401368,218.04569760131835,201.4499969482422,180.51149612426758,153.52409506225587,75.97409201049803,259.8500061035156,77.55000305175781,266.6000061035156
71,2021-07-01,261.04998779296875,263.3999938964844,259.0,260.04998779296875,8617436,0.0,0,279.0,201.4499969482422,-1,279.0,201.4499969482422,279.0,249.3758988342285,240.2249984741211,231.07409811401368,218.04569760131835,201.4499969482422,180.51149612426758,153.52409506225587,75.97409201049803,259.0,77.55000305175781,263.3999938964844
72,2021-07-02,261.5,266.04998779296875,259.1499938964844,260.0,9856883,0.0,0,279.0,201.4499969482422,-1,279.0,201.4499969482422,279.0,249.3758988342285,240.2249984741211,231.07409811401368,218.04569760131835,201.4499969482422,180.51149612426758,153.52409506225587,75.97409201049803,259.1499938964844,77.55000305175781,266.04998779296875
73,2021-07-05,262.0,276.70001220703125,260.1499938964844,272.3999938964844,29041847,0.0,0,279.0,201.4499969482422,-1,279.0,201.4499969482422,279.0,249.3758988342285,240.2249984741211,231.07409811401368,218.04569760131835,201.4499969482422,180.51149612426758,153.52409506225587,75.97409201049803,260.1499938964844,77.55000305175781,276.70001220703125
74,2021-07-06,271.45001220703125,271.95001220703125,261.0,262.25,11242988,0.0,0,279.0,201.4499969482422,-1,279.0,201.4499969482422,279.0,249.3758988342285,240.2249984741211,231.07409811401368,218.04569760131835,201.4499969482422,180.51149612426758,153.52409506225587,75.97409201049803,261.0,77.55000305175781,271.95001220703125
75,2021-07-07,264.20001220703125,265.6499938964844,258.45001220703125,262.95001220703125,8436396,0.0,0,279.0,201.4499969482422,-1,279.0,201.4499969482422,279.0,249.3758988342285,240.2249984741211,231.07409811401368,218.04569760131835,201.4499969482422,180.51149612426758,153.52409506225587,75.97409201049803,258.45001220703125,77.55000305175781,265.6499938964844
76,2021-07-08,262.95001220703125,266.6499938964844,260.3999938964844,261.6499938964844,6367701,0.0,0,279.0,201.4499969482422,-1,279.0,201.4499969482422,279.0,249.3758988342285,240.2249984741211,231.07409811401368,218.04569760131835,201.4499969482422,180.51149612426758,153.52409506225587,75.97409201049803,260.3999938964844,77.55000305175781,266.6499938964844
77,2021-07-09,260.6499938964844,271.6000061035156,260.3999938964844,269.45001220703125,10767101,0.0,0,279.0,201.4499969482422,-1,279.0,201.4499969482422,279.0,249.3758988342285,240.2249984741211,231.07409811401368,218.04569760131835,201.4499969482422,180.51149612426758,153.52409506225587,75.97409201049803,260.3999938964844,77.55000305175781,271.6000061035156
78,2021-07-12,271.8999938964844,275.0,267.0,270.8500061035156,10232579,0.0,0,279.0,201.4499969482422,-1,279.0,201.4499969482422,279.0,249.3758988342285,240.2249984741211,231.07409811401368,218.04569760131835,201.4499969482422,180.51149612426758,153.52409506225587,75.97409201049803,267.0,77.55000305175781,275.0
79,2021-07-13,273.0,281.0,269.04998779296875,279.25,19702478,0.0,0,279.0,201.4499969482422,-1,279.0,201.4499969482422,279.0,249.3758988342285,240.2249984741211,231.07409811401368,218.04569760131835,201.4499969482422,180.51149612426758,153.52409506225587,75.97409201049803,269.04998779296875,77.55000305175781,281.0
80,2021-07-14,281.0,284.8500061035156,269.25,270.45001220703125,25403032,0.0,0,279.0,201.4499969482422,-1,279.0,201.4499969482422,279.0,249.3758988342285,240.2249984741211,231.07409811401368,218.04569760131835,201.4499969482422,180.51149612426758,153.52409506225587,75.97409201049803,269.25,77.55000305175781,284.8500061035156
81,2021-07-15,271.1000061035156,272.0,265.04998779296875,266.1000061035156,8093199,0.0,0,279.0,201.4499969482422,-1,279.0,201.4499969482422,279.0,249.3758988342285,240.2249984741211,231.07409811401368,218.04569760131835,201.4499969482422,180.51149612426758,153.52409506225587,75.97409201049803,265.04998779296875,77.55000305175781,272.0
82,2021-07-16,266.20001220703125,277.0,266.20001220703125,275.54998779296875,13898164,0.0,0,279.0,201.4499969482422,-1,279.0,201.4499969482422,279.0,249.3758988342285,240.2249984741211,231.07409811401368,218.04569760131835,201.4499969482422,180.51149612426758,153.52409506225587,75.97409201049803,266.20001220703125,77.55000305175781,277.0
83,2021-07-19,273.0,278.79998779296875,268.5,270.8500061035156,10581170,0.0,0,279.0,201.4499969482422,-1,279.0,201.4499969482422,279.0,249.3758988342285,240.2249984741211,231.07409811401368,218.04569760131835,201.4499969482422,180.51149612426758,153.52409506225587,75.97409201049803,268.5,77.55000305175781,278.79998779296875
84,2021-07-20,270.8500061035156,276.8999938964844,264.04998779296875,265.95001220703125,11904710,0.0,0,279.0,201.4499969482422,-1,279.0,201.4499969482422,279.0,249.3758988342285,240.2249984741211,231.07409811401368,218.04569760131835,201.4499969482422,180.51149612426758,153.52409506225587,75.97409201049803,264.04998779296875,77.55000305175781,276.8999938964844
85,2021-07-22,273.0,279.0,272.0,275.20001220703125,15150875,0.0,0,279.0,201.4499969482422,-1,279.0,201.4499969482422,279.0,249.3758988342285,240.2249984741211,231.07409811401368,218.04569760131835,201.4499969482422,180.51149612426758,153.52409506225587,75.97409201049803,272.0,77.55000305175781,279.0
86,2021-07-23,277.0,285.0,272.20001220703125,283.6499938964844,17446328,0.0,0,279.0,201.4499969482422,-1,279.0,201.4499969482422,279.0,249.3758988342285,240.2249984741211,231.07409811401368,218.04569760131835,201.4499969482422,180.51149612426758,153.52409506225587,75.97409201049803,272.20001220703125,77.55000305175781,285.0
87,2021-07-26,284.0,297.79998779296875,283.0,285.1499938964844,39988986,0.0,0,279.0,201.4499969482422,-1,279.0,201.4499969482422,279.0,249.3758988342285,240.2249984741211,231.07409811401368,218.04569760131835,201.4499969482422,180.51149612426758,153.52409506225587,75.97409201049803,283.0,77.55000305175781,297.79998779296875
88,2021-07-27,286.0,289.8500061035156,275.3999938964844,277.3999938964844,17151955,0.0,0,279.0,201.4499969482422,-1,279.0,201.4499969482422,279.0,249.3758988342285,240.2249984741211,231.07409811401368,218.04569760131835,201.4499969482422,180.51149612426758,153.52409506225587,75.97409201049803,275.3999938964844,77.55000305175781,289.8500061035156
89,2021-07-28,278.1499938964844,282.3999938964844,269.3999938964844,273.8999938964844,23067513,0.0,0,279.0,201.4499969482422,-1,279.0,201.4499969482422,279.0,249.3758988342285,240.2249984741211,231.07409811401368,218.04569760131835,201.4499969482422,180.51149612426758,153.52409506225587,75.97409201049803,269.3999938964844,77.55000305175781,282.3999938964844
90,2021-07-29,275.6499938964844,285.0,271.0,280.75,23658987,0.0,0,279.0,201.4499969482422,-1,279.0,201.4499969482422,279.0,249.3758988342285,240.2249984741211,231.07409811401368,218.04569760131835,201.4499969482422,180.51149612426758,153.52409506225587,75.97409201049803,271.0,77.55000305175781,285.0
91,2021-07-30,282.20001220703125,285.1499938964844,274.6499938964844,275.45001220703125,12940645,0.0,0,279.0,201.4499969482422,-1,279.0,201.4499969482422,279.0,249.3758988342285,240.2249984741211,231.07409811401368,218.04569760131835,201.4499969482422,180.51149612426758,153.52409506225587,75.97409201049803,274.6499938964844,77.55000305175781,285.1499938964844
92,2021-08-02,277.95001220703125,291.5,276.5,287.0,23615481,0.0,0,279.0,201.4499969482422,-1,279.0,201.4499969482422,279.0,249.3758988342285,240.2249984741211,231.07409811401368,218.04569760131835,201.4499969482422,180.51149612426758,153.52409506225587,75.97409201049803,276.5,77.55000305175781,291.5
93,2021-08-03,287.0,289.6000061035156,283.3999938964844,285.29998779296875,12299897,0.0,0,279.0,201.4499969482422,-1,279.0,201.4499969482422,279.0,249.3758988342285,240.2249984741211,231.07409811401368,218.04569760131835,201.4499969482422,180.51149612426758,153.52409506225587,75.97409201049803,283.3999938964844,77.55000305175781,289.6000061035156
94,2021-08-04,286.0,291.5,270.1000061035156,271.1499938964844,22491946,0.0,0,279.0,201.4499969482422,-1,279.0,201.4499969482422,279.0,249.3758988342285,240.2249984741211,231.07409811401368,218.04569760131835,201.4499969482422,180.51149612426758,153.52409506225587,75.97409201049803,270.1000061035156,77.55000305175781,291.5
95,2021-08-05,272.8500061035156,274.20001220703125,264.0,270.25,13995261,0.0,0,279.0,201.4499969482422,-1,279.0,201.4499969482422,279.0,249.3758988342285,240.2249984741211,231.07409811401368,218.04569760131835,201.4499969482422,180.51149612426758,153.52409506225587,75.97409201049803,264.0,77.55000305175781,274.20001220703125
96,2021-08-06,272.0,277.3999938964844,269.20001220703125,271.1000061035156,9301028,0.0,0,279.0,201.4499969482422,-1,279.0,201.4499969482422,279.0,249.3758988342285,240.2249984741211,231.07409811401368,218.04569760131835,201.4499969482422,180.51149612426758,153.52409506225587,75.97409201049803,269.20001220703125,77.55000305175781,277.3999938964844
97,2021-08-09,272.20001220703125,274.3999938964844,266.5,267.3999938964844,6181910,0.0,0,279.0,201.4499969482422,-1,279.0,201.4499969482422,279.0,249.3758988342285,240.2249984741211,231.07409811401368,218.04569760131835,201.4499969482422,180.51149612426758,153.52409506225587,75.97409201049803,266.5,77.55000305175781,274.3999938964844
98,2021-08-10,267.95001220703125,269.04998779296875,248.6000061035156,252.8500061035156,12943899,0.0,0,279.0,201.4499969482422,-1,279.0,201.4499969482422,279.0,249.3758988342285,240.2249984741211,231.07409811401368,218.04569760131835,201.4499969482422,180.51149612426758,153.52409506225587,75.97409201049803,248.6000061035156,77.55000305175781,269.04998779296875
99,2021-08-11,253.9499969482422,257.3500061035156,239.0,246.9499969482422,22047835,0.0,0,279.0,201.4499969482422,-1,279.0,201.4499969482422,279.0,249.3758988342285,240.2249984741211,231.07409811401368,218.04569760131835,201.4499969482422,180.51149612426758,153.52409506225587,75.97409201049803,239.0,77.55000305175781,257.3500061035156
100,2021-08-12,248.5500030517578,254.3000030517578,246.0,248.3500061035156,10777678,0.0,0,279.0,201.4499969482422,-1,279.0,201.4499969482422,279.0,249.3758988342285,240.2249984741211,231.07409811401368,218.04569760131835,201.4499969482422,180.51149612426758,153.52409506225587,75.97409201049803,246.0,77.55000305175781,254.3000030517578
101,2021-08-13,248.5,253.8999938964844,247.0,249.6499938964844,8857533,0.0,0,279.0,201.4499969482422,-1,279.0,201.4499969482422,279.0,249.3758988342285,240.2249984741211,231.07409811401368,218.04569760131835,201.4499969482422,180.51149612426758,153.52409506225587,75.97409201049803,247.0,77.55000305175781,253.8999938964844
102,2021-08-16,249.6999969482422,256.95001220703125,248.1000061035156,254.3500061035156,9199799,0.0,0,279.0,201.4499969482422,-1,279.0,201.4499969482422,279.0,249.3758988342285,240.2249984741211,231.07409811401368,218.04569760131835,201.4499969482422,180.51149612426758,153.52409506225587,75.97409201049803,248.1000061035156,77.55000305175781,256.95001220703125
103,2021-08-17,254.6499938964844,256.79998779296875,247.5,248.9499969482422,9360121,0.0,0,279.0,201.4499969482422,-1,279.0,201.4499969482422,279.0,249.3758988342285,240.2249984741211,231.07409811401368,218.04569760131835,201.4499969482422,180.51149612426758,153.52409506225587,75.97409201049803,247.5,77.55000305175781,256.79998779296875
104,2021-08-18,250.6000061035156,254.5,239.1999969482422,241.3500061035156,17137291,0.0,0,279.0,201.4499969482422,-1,279.0,201.4499969482422,279.0,249.3758988342285,240.2249984741211,231.07409811401368,218.04569760131835,201.4499969482422,180.51149612426758,153.52409506225587,75.97409201049803,239.1999969482422,77.55000305175781,254.5
105,2021-08-20,237.0,241.8999938964844,221.1999969482422,224.1499938964844,18756243,0.0,0,279.0,201.4499969482422,-1,279.0,201.4499969482422,279.0,249.3758988342285,240.2249984741211,231.07409811401368,218.04569760131835,201.4499969482422,180.51149612426758,153.52409506225587,75.97409201049803,221.1999969482422,77.55000305175781,241.8999938964844
106,2021-08-23,227.0,229.4499969482422,216.5500030517578,218.75,17799352,0.0,0,279.0,201.4499969482422,-1,279.0,201.4499969482422,279.0,249.3758988342285,240.2249984741211,231.07409811401368,218.04569760131835,201.4499969482422,180.51149612426758,153.52409506225587,75.97409201049803,216.5500030517578,77.55000305175781,229.4499969482422
107,2021-08-24,220.0,228.9499969482422,217.0500030517578,224.8999938964844,15593873,0.0,0,279.0,201.4499969482422,-1,279.0,201.4499969482422,279.0,249.3758988342285,240.2249984741211,231.07409811401368,218.04569760131835,201.4499969482422,180.51149612426758,153.52409506225587,75.97409201049803,217.0500030517578,77.55000305175781,228.9499969482422
108,2021-08-25,225.8999938964844,231.8500061035156,222.1000061035156,223.3500061035156,13876034,0.0,0,279.0,201.4499969482422,-1,279.0,201.4499969482422,279.0,249.3758988342285,240.2249984741211,231.07409811401368,218.04569760131835,201.4499969482422,180.51149612426758,153.52409506225587,75.97409201049803,222.1000061035156,77.55000305175781,231.8500061035156
109,2021-08-26,223.6000061035156,225.75,217.25,219.0,11691183,0.0,0,279.0,201.4499969482422,-1,279.0,201.4499969482422,279.0,249.3758988342285,240.2249984741211,231.07409811401368,218.04569760131835,201.4499969482422,180.51149612426758,153.52409506225587,75.97409201049803,217.25,77.55000305175781,225.75
110,2021-08-27,220.0,222.8999938964844,217.6000061035156,220.0,10928336,0.0,0,279.0,201.4499969482422,-1,279.0,201.4499969482422,279.0,249.3758988342285,240.2249984741211,231.07409811401368,218.04569760131835,201.4499969482422,180.51149612426758,153.52409506225587,75.97409201049803,217.6000061035156,77.55000305175781,222.8999938964844
111,2021-08-30,221.25,229.6999969482422,221.25,227.9499969482422,12902299,0.0,0,279.0,201.4499969482422,-1,279.0,201.4499969482422,279.0,249.3758988342285,240.2249984741211,231.07409811401368,218.04569760131835,201.4499969482422,180.51149612426758,153.52409506225587,75.97409201049803,221.25,77.55000305175781,229.6999969482422
112,2021-08-31,228.6000061035156,228.8999938964844,221.5500030517578,224.0,11480181,0.0,0,279.0,201.4499969482422,-1,279.0,201.4499969482422,279.0,249.3758988342285,240.2249984741211,231.07409811401368,218.04569760131835,201.4499969482422,180.51149612426758,153.52409506225587,75.97409201049803,221.5500030517578,77.55000305175781,228.8999938964844
113,2021-09-01,224.6000061035156,236.1999969482422,223.1999969482422,232.1000061035156,19309370,0.0,0,279.0,201.4499969482422,-1,279.0,201.4499969482422,279.0,249.3758988342285,240.2249984741211,231.07409811401368,218.04569760131835,201.4499969482422,180.51149612426758,153.52409506225587,75.97409201049803,223.1999969482422,77.55000305175781,236.1999969482422
114,2021-09-02,233.1999969482422,238.0,230.3500061035156,232.8000030517578,14301236,0.0,0,279.0,201.4499969482422,-1,279.0,201.4499969482422,279.0,249.3758988342285,240.2249984741211,231.07409811401368,218.04569760131835,201.4499969482422,180.51149612426758,153.52409506225587,75.97409201049803,230.3500061035156,77.55000305175781,238.0
115,2021-09-03,232.6999969482422,234.6000061035156,229.3999938964844,230.6499938964844,8513837,0.0,0,279.0,201.4499969482422,-1,279.0,201.4499969482422,279.0,249.3758988342285,240.2249984741211,231.07409811401368,218.04569760131835,201.4499969482422,180.51149612426758,153.52409506225587,75.97409201049803,229.3999938964844,77.55000305175781,234.6000061035156
116,2021-09-06,231.8500061035156,233.8000030517578,230.0,231.1000061035156,5568369,0.0,0,279.0,201.4499969482422,-1,279.0,201.4499969482422,279.0,249.3758988342285,240.2249984741211,231.07409811401368,218.04569760131835,201.4499969482422,180.51149612426758,153.52409506225587,75.97409201049803,230.0,77.55000305175781,233.8000030517578
117,2021-09-07,231.5,232.5,225.5,226.3500061035156,6348632,0.0,0,279.0,201.4499969482422,-1,279.0,201.4499969482422,279.0,249.3758988342285,240.2249984741211,231.07409811401368,218.04569760131835,201.4499969482422,180.51149612426758,153.52409506225587,75.97409201049803,225.5,77.55000305175781,232.5
118,2021-09-08,227.0,231.0,226.6000061035156,229.75,5538355,0.0,0,279.0,201.4499969482422,-1,279.0,201.4499969482422,279.0,249.3758988342285,240.2249984741211,231.07409811401368,218.04569760131835,201.4499969482422,180.51149612426758,153.52409506225587,75.97409201049803,226.6000061035156,77.55000305175781,231.0
119,2021-09-09,229.4499969482422,229.8000030517578,226.5,227.4499969482422,3497141,0.0,0,279.0,201.4499969482422,-1,279.0,201.4499969482422,279.0,249.3758988342285,240.2249984741211,231.07409811401368,218.04569760131835,201.4499969482422,180.51149612426758,153.52409506225587,75.97409201049803,226.5,77.55000305175781,229.8000030517578
120,2021-09-13,227.0,229.6999969482422,224.6000061035156,228.9499969482422,5561542,0.0,0,279.0,201.4499969482422,-1,279.0,201.4499969482422,279.0,249.3758988342285,240.2249984741211,231.07409811401368,218.04569760131835,201.4499969482422,180.51149612426758,153.52409506225587,75.97409201049803,224.6000061035156,77.55000305175781,229.6999969482422
121,2021-09-14,230.0,240.3500061035156,229.6000061035156,239.3000030517578,11315150,0.0,0,279.0,201.4499969482422,-1,279.0,201.4499969482422,279.0,249.3758988342285,240.2249984741211,231.07409811401368,218.04569760131835,201.4499969482422,180.51149612426758,153.52409506225587,75.97409201049803,229.6000061035156,77.55000305175781,240.3500061035156
122,2021-09-15,240.4499969482422,244.25,235.0,235.75,16978025,0.0,0,279.0,201.4499969482422,-1,279.0,201.4499969482422,279.0,249.3758988342285,240.2249984741211,231.07409811401368,218.04569760131835,201.4499969482422,180.51149612426758,153.52409506225587,75.97409201049803,235.0,77.55000305175781,244.25
123,2021-09-16,236.5,249.8999938964844,235.1999969482422,241.8500061035156,15679635,0.0,0,279.0,201.4499969482422,-1,279.0,201.4499969482422,279.0,249.3758988342285,240.2249984741211,231.07409811401368,218.04569760131835,201.4499969482422,180.51149612426758,153.52409506225587,75.97409201049803,235.1999969482422,77.55000305175781,249.8999938964844
124,2021-09-17,243.0,243.9499969482422,228.0,228.75,18478246,0.0,0,279.0,201.4499969482422,-1,279.0,201.4499969482422,279.0,249.3758988342285,240.2249984741211,231.07409811401368,218.04569760131835,201.4499969482422,180.51149612426758,153.52409506225587,75.97409201049803,228.0,77.55000305175781,243.9499969482422
125,2021-09-20,228.4499969482422,228.4499969482422,214.0,215.6000061035156,12584957,0.0,0,279.0,201.4499969482422,-1,279.0,201.4499969482422,279.0,249.3758988342285,240.2249984741211,231.07409811401368,218.04569760131835,201.4499969482422,180.51149612426758,153.52409506225587,75.97409201049803,214.0,77.55000305175781,228.4499969482422
126,2021-09-21,216.5,218.0,207.0500030517578,208.4499969482422,16813773,0.0,0,279.0,201.4499969482422,-1,279.0,201.4499969482422,279.0,249.3758988342285,240.2249984741211,231.07409811401368,218.04569760131835,201.4499969482422,180.51149612426758,153.52409506225587,75.97409201049803,207.0500030517578,77.55000305175781,218.0
127,2021-09-22,209.75,224.6000061035156,209.75,220.8999938964844,22508959,0.0,0,279.0,201.4499969482422,-1,279.0,201.4499969482422,279.0,249.3758988342285,240.2249984741211,231.07409811401368,218.04569760131835,201.4499969482422,180.51149612426758,153.52409506225587,75.97409201049803,209.75,77.55000305175781,224.6000061035156
128,2021-09-23,224.0,232.0,223.4499969482422,229.6499938964844,13913161,0.0,0,279.0,201.4499969482422,-1,279.0,201.4499969482422,279.0,249.3758988342285,240.2249984741211,231.07409811401368,218.04569760131835,201.4499969482422,180.51149612426758,153.52409506225587,75.97409201049803,223.4499969482422,77.55000305175781,232.0
129,2021-09-24,230.8000030517578,238.1999969482422,221.5,225.8500061035156,17837943,0.0,0,279.0,201.4499969482422,-1,279.0,201.4499969482422,279.0,249.3758988342285,240.2249984741211,231.07409811401368,218.04569760131835,201.4499969482422,180.51149612426758,153.52409506225587,75.97409201049803,221.5,77.55000305175781,238.1999969482422
130,2021-09-27,228.0,234.4499969482422,226.1000061035156,233.0,14420076,0.0,0,279.0,201.4499969482422,-1,279.0,201.4499969482422,279.0,249.3758988342285,240.2249984741211,231.07409811401368,218.04569760131835,201.4499969482422,180.51149612426758,153.52409506225587,75.97409201049803,226.1000061035156,77.55000305175781,234.4499969482422
131,2021-09-28,234.1499938964844,235.3000030517578,223.9499969482422,226.3999938964844,19014155,0.0,0,279.0,201.4499969482422,-1,279.0,201.4499969482422,279.0,249.3758988342285,240.2249984741211,231.07409811401368,218.04569760131835,201.4499969482422,180.51149612426758,153.52409506225587,75.97409201049803,223.9499969482422,77.55000305175781,235.3000030517578
132,2021-09-29,224.5,233.3000030517578,222.5500030517578,228.5500030517578,13968909,0.0,0,279.0,201.4499969482422,-1,279.0,201.4499969482422,279.0,249.3758988342285,240.2249984741211,231.07409811401368,218.04569760131835,201.4499969482422,180.51149612426758,153.52409506225587,75.97409201049803,222.5500030517578,77.55000305175781,233.3000030517578
133,2021-09-30,230.0,236.5,229.0,231.6499938964844,13006778,0.0,0,279.0,201.4499969482422,-1,279.0,201.4499969482422,279.0,249.3758988342285,240.2249984741211,231.07409811401368,218.04569760131835,201.4499969482422,180.51149612426758,153.52409506225587,75.97409201049803,229.0,77.55000305175781,236.5
134,2021-10-01,230.9499969482422,235.4499969482422,227.5,234.4499969482422,10799645,0.0,0,279.0,201.4499969482422,-1,279.0,201.4499969482422,279.0,249.3758988342285,240.2249984741211,231.07409811401368,218.04569760131835,201.4499969482422,180.51149612426758,153.52409506225587,75.97409201049803,227.5,77.55000305175781,235.4499969482422
135,2021-10-04,237.0,244.0,235.4499969482422,239.3000030517578,15783399,0.0,0,279.0,201.4499969482422,-1,279.0,201.4499969482422,279.0,249.3758988342285,240.2249984741211,231.07409811401368,218.04569760131835,201.4499969482422,180.51149612426758,153.52409506225587,75.97409201049803,235.4499969482422,77.55000305175781,244.0
136,2021-10-05,239.3000030517578,246.0,235.6000061035156,241.8500061035156,12417221,0.0,0,279.0,201.4499969482422,-1,279.0,201.4499969482422,279.0,249.3758988342285,240.2249984741211,231.07409811401368,218.04569760131835,201.4499969482422,180.51149612426758,153.52409506225587,75.97409201049803,235.6000061035156,77.55000305175781,246.0
137,2021-10-06,243.1999969482422,254.3000030517578,239.4499969482422,241.3999938964844,35251840,0.0,0,279.0,201.4499969482422,-1,279.0,201.4499969482422,279.0,249.3758988342285,240.2249984741211,231.07409811401368,218.04569760131835,201.4499969482422,180.51149612426758,153.52409506225587,75.97409201049803,239.4499969482422,77.55000305175781,254.3000030517578
138,2021-10-07,243.6999969482422,250.0,242.6499938964844,243.3000030517578,11208065,0.0,0,279.0,201.4499969482422,-1,279.0,201.4499969482422,279.0,249.3758988342285,240.2249984741211,231.07409811401368,218.04569760131835,201.4499969482422,180.51149612426758,153.52409506225587,75.97409201049803,242.6499938964844,77.55000305175781,250.0
139,2021-10-08,245.1000061035156,247.8999938964844,239.5500030517578,240.8999938964844,6074920,0.0,0,279.0,201.4499969482422,-1,279.0,201.4499969482422,279.0,249.3758988342285,240.2249984741211,231.07409811401368,218.04569760131835,201.4499969482422,180.51149612426758,153.52409506225587,75.97409201049803,239.5500030517578,77.55000305175781,247.8999938964844
140,2021-10-11,241.6999969482422,246.3999938964844,240.8500061035156,241.8000030517578,5918018,0.0,0,279.0,201.4499969482422,-1,279.0,201.4499969482422,279.0,249.3758988342285,240.2249984741211,231.07409811401368,218.04569760131835,201.4499969482422,180.51149612426758,153.52409506225587,75.97409201049803,240.8500061035156,77.55000305175781,246.3999938964844
141,2021-10-12,241.0,242.9499969482422,235.1000061035156,238.4499969482422,6831448,0.0,0,279.0,201.4499969482422,-1,279.0,201.4499969482422,279.0,249.3758988342285,240.2249984741211,231.07409811401368,218.04569760131835,201.4499969482422,180.51149612426758,153.52409506225587,75.97409201049803,235.1000061035156,77.55000305175781,242.9499969482422
142,2021-10-13,239.6499938964844,242.8500061035156,235.5,236.3000030517578,6857319,0.0,0,279.0,201.4499969482422,-1,279.0,201.4499969482422,279.0,249.3758988342285,240.2249984741211,231.07409811401368,218.04569760131835,201.4499969482422,180.51149612426758,153.52409506225587,75.97409201049803,235.5,77.55000305175781,242.8500061035156
143,2021-10-14,238.5,242.0,236.6000061035156,237.5,8423796,0.0,0,279.0,201.4499969482422,-1,279.0,201.4499969482422,279.0,249.3758988342285,240.2249984741211,231.07409811401368,218.04569760131835,201.4499969482422,180.51149612426758,153.52409506225587,75.97409201049803,236.6000061035156,77.55000305175781,242.0
144,2021-10-18,240.5,250.6999969482422,240.5,248.0500030517578,15087621,0.0,0,279.0,201.4499969482422,-1,279.0,201.4499969482422,279.0,249.3758988342285,240.2249984741211,231.07409811401368,218.04569760131835,201.4499969482422,180.51149612426758,153.52409506225587,75.97409201049803,240.5,77.55000305175781,250.6999969482422
145,2021-10-19,251.1000061035156,264.6499938964844,248.5,252.8500061035156,40939521,0.0,0,279.0,201.4499969482422,-1,279.0,201.4499969482422,279.0,249.3758988342285,240.2249984741211,231.07409811401368,218.04569760131835,201.4499969482422,180.51149612426758,153.52409506225587,75.97409201049803,248.5,77.55000305175781,264.6499938964844
146,2021-10-20,253.4499969482422,255.3000030517578,244.5500030517578,246.5500030517578,19573106,0.0,0,279.0,201.4499969482422,-1,279.0,201.4499969482422,279.0,249.3758988342285,240.2249984741211,231.07409811401368,218.04569760131835,201.4499969482422,180.51149612426758,153.52409506225587,75.97409201049803,244.5500030517578,77.55000305175781,255.3000030517578
147,2021-10-21,248.0,253.3999938964844,243.3500061035156,249.1999969482422,17067831,0.0,0,279.0,201.4499969482422,-1,279.0,201.4499969482422,279.0,249.3758988342285,240.2249984741211,231.07409811401368,218.04569760131835,201.4499969482422,180.51149612426758,153.52409506225587,75.97409201049803,243.3500061035156,77.55000305175781,253.3999938964844
148,2021-10-22,247.0,247.25,224.0,229.75,33907972,0.0,0,279.0,201.4499969482422,-1,279.0,201.4499969482422,279.0,249.3758988342285,240.2249984741211,231.07409811401368,218.04569760131835,201.4499969482422,180.51149612426758,153.52409506225587,75.97409201049803,224.0,77.55000305175781,247.25
149,2021-10-25,230.1000061035156,232.75,212.5,220.5,14131308,0.0,0,279.0,201.4499969482422,-1,279.0,201.4499969482422,279.0,249.3758988342285,240.2249984741211,231.07409811401368,218.04569760131835,201.4499969482422,180.51149612426758,153.52409506225587,75.97409201049803,212.5,77.55000305175781,232.75
150,2021-10-26,222.5,229.8999938964844,222.5,228.1999969482422,9347833,0.0,0,279.0,201.4499969482422,-1,279.0,201.4499969482422,279.0,249.3758988342285,240.2249984741211,231.07409811401368,218.04569760131835,201.4499969482422,180.51149612426758,153.52409506225587,75.97409201049803,222.5,77.55000305175781,229.8999938964844
151,2021-10-27,229.6999969482422,230.4499969482422,221.1000061035156,222.1499938964844,9426306,0.0,0,279.0,201.4499969482422,-1,279.0,201.4499969482422,279.0,249.3758988342285,240.2249984741211,231.07409811401368,218.04569760131835,201.4499969482422,180.51149612426758,153.52409506225587,75.97409201049803,221.1000061035156,77.55000305175781,230.4499969482422
152,2021-10-28,222.3500061035156,223.5,209.0500030517578,210.3000030517578,19285631,0.0,0,279.0,201.4499969482422,-1,279.0,201.4499969482422,279.0,249.3758988342285,240.2249984741211,231.07409811401368,218.04569760131835,201.4499969482422,180.51149612426758,153.52409506225587,75.97409201049803,209.0500030517578,77.55000305175781,223.5
153,2021-10-29,212.75,221.6000061035156,210.8500061035156,216.8000030517578,20090669,0.0,0,279.0,201.4499969482422,-1,279.0,201.4499969482422,279.0,249.3758988342285,240.2249984741211,231.07409811401368,218.04569760131835,201.4499969482422,180.51149612426758,153.52409506225587,75.97409201049803,210.8500061035156,77.55000305175781,221.6000061035156
154,2021-11-01,218.1999969482422,220.8500061035156,215.0500030517578,219.0500030517578,9910442,0.0,0,279.0,201.4499969482422,-1,279.0,201.4499969482422,279.0,249.3758988342285,240.2249984741211,231.07409811401368,218.04569760131835,201.4499969482422,180.51149612426758,153.52409506225587,75.97409201049803,215.0500030517578,77.55000305175781,220.8500061035156
155,2021-11-02,220.0500030517578,228.5,219.25,224.9499969482422,14060153,0.0,0,279.0,201.4499969482422,-1,279.0,201.4499969482422,279.0,249.3758988342285,240.2249984741211,231.07409811401368,218.04569760131835,201.4499969482422,180.51149612426758,153.52409506225587,75.97409201049803,219.25,77.55000305175781,228.5
156,2021-11-03,226.1000061035156,227.5500030517578,223.0,225.0500030517578,7578026,0.0,0,279.0,201.4499969482422,-1,279.0,201.4499969482422,279.0,249.3758988342285,240.2249984741211,231.07409811401368,218.04569760131835,201.4499969482422,180.51149612426758,153.52409506225587,75.97409201049803,223.0,77.55000305175781,227.5500030517578
157,2021-11-04,226.25,226.8500061035156,225.6000061035156,226.1000061035156,1335591,0.0,0,279.0,201.4499969482422,-1,279.0,201.4499969482422,279.0,249.3758988342285,240.2249984741211,231.07409811401368,218.04569760131835,201.4499969482422,180.51149612426758,153.52409506225587,75.97409201049803,225.6000061035156,77.55000305175781,226.8500061035156
158,2021-11-08,228.0,234.0,226.6000061035156,233.1499938964844,10292899,0.0,0,279.0,201.4499969482422,-1,279.0,201.4499969482422,279.0,249.3758988342285,240.2249984741211,231.07409811401368,218.04569760131835,201.4499969482422,180.51149612426758,153.52409506225587,75.97409201049803,226.6000061035156,77.55000305175781,234.0
159,2021-11-09,234.0,248.4499969482422,233.3500061035156,243.6499938964844,22506548,0.0,0,279.0,201.4499969482422,-1,279.0,201.4499969482422,279.0,249.3758988342285,240.2249984741211,231.07409811401368,218.04569760131835,201.4499969482422,180.51149612426758,153.52409506225587,75.97409201049803,233.3500061035156,77.55000305175781,248.4499969482422
160,2021-11-10,240.5,258.5,238.9499969482422,245.3500061035156,38061787,0.0,0,279.0,201.4499969482422,-1,279.0,201.4499969482422,279.0,249.3758988342285,240.2249984741211,231.07409811401368,218.04569760131835,201.4499969482422,180.51149612426758,153.52409506225587,75.97409201049803,238.9499969482422,77.55000305175781,258.5
161,2021-11-11,245.3999938964844,246.3999938964844,236.0500030517578,236.8999938964844,9469906,0.0,0,279.0,201.4499969482422,-1,279.0,201.4499969482422,279.0,249.3758988342285,240.2249984741211,231.07409811401368,218.04569760131835,201.4499969482422,180.51149612426758,153.52409506225587,75.97409201049803,236.0500030517578,77.55000305175781,246.3999938964844
162,2021-11-12,235.0,235.6499938964844,226.0,230.1499938964844,14611999,0.0,0,279.0,201.4499969482422,-1,279.0,201.4499969482422,279.0,249.3758988342285,240.2249984741211,231.07409811401368,218.04569760131835,201.4499969482422,180.51149612426758,153.52409506225587,75.97409201049803,226.0,77.55000305175781,235.6499938964844
163,2021-11-15,231.3500061035156,232.8500061035156,225.1000061035156,226.4499969482422,5285907,0.0,0,279.0,201.4499969482422,-1,279.0,201.4499969482422,279.0,249.3758988342285,240.2249984741211,231.07409811401368,218.04569760131835,201.4499969482422,180.51149612426758,153.52409506225587,75.97409201049803,225.1000061035156,77.55000305175781,232.8500061035156
164,2021-11-16,227.0,228.75,221.0,222.6499938964844,6878931,0.0,0,279.0,201.4499969482422,-1,279.0,201.4499969482422,279.0,249.3758988342285,240.2249984741211,231.07409811401368,218.04569760131835,201.4499969482422,180.51149612426758,153.52409506225587,75.97409201049803,221.0,77.55000305175781,228.75
165,2021-11-17,222.0,222.25,217.8500061035156,218.3500061035156,7523568,0.0,0,279.0,201.4499969482422,-1,279.0,201.4499969482422,279.0,249.3758988342285,240.2249984741211,231.07409811401368,218.04569760131835,201.4499969482422,180.51149612426758,153.52409506225587,75.97409201049803,217.8500061035156,77.55000305175781,222.25
166,2021-11-18,219.3999938964844,220.1000061035156,213.0,216.0500030517578,7439727,0.0,0,279.0,201.4499969482422,-1,279.0,201.4499969482422,279.0,249.3758988342285,240.2249984741211,231.07409811401368,218.04569760131835,201.4499969482422,180.51149612426758,153.52409506225587,75.97409201049803,213.0,77.55000305175781,220.1000061035156
167,2021-11-22,217.1999969482422,218.3000030517578,201.4499969482422,204.6499938964844,13701686,0.0,0,279.0,201.4499969482422,-1,279.0,201.4499969482422,279.0,249.3758988342285,240.2249984741211,231.07409811401368,218.04569760131835,201.4499969482422,180.51149612426758,153.52409506225587,75.97409201049803,201.4499969482422,77.55000305175781,218.3000030517578
168,2021-11-23,204.6499938964844,217.5,203.25,216.3000030517578,12537358,0.0,0,279.0,201.4499969482422,-1,279.0,201.4499969482422,279.0,249.3758988342285,240.2249984741211,231.07409811401368,218.04569760131835,201.4499969482422,180.51149612426758,153.52409506225587,75.97409201049803,203.25,77.55000305175781,217.5
169,2021-11-24,218.25,221.0,213.5500030517578,214.8000030517578,12066341,0.0,0,279.0,201.4499969482422,-1,279.0,201.4499969482422,279.0,249.3758988342285,240.2249984741211,231.07409811401368,218.04569760131835,201.4499969482422,180.51149612426758,153.52409506225587,75.97409201049803,213.5500030517578,77.55000305175781,221.0
170,2021-11-25,215.0,230.1000061035156,212.1000061035156,226.6499938964844,35160187,0.0,0,279.0,201.4499969482422,-1,279.0,201.4499969482422,279.0,249.3758988342285,240.2249984741211,231.07409811401368,218.04569760131835,201.4499969482422,180.51149612426758,153.52409506225587,75.97409201049803,212.1000061035156,77.55000305175781,230.1000061035156
171,2021-11-26,224.5500030517578,259.79998779296875,224.5500030517578,246.5500030517578,111007803,0.0,0,279.0,201.4499969482422,-1,279.0,201.4499969482422,279.0,249.3758988342285,240.2249984741211,231.07409811401368,218.04569760131835,201.4499969482422,180.51149612426758,153.52409506225587,75.97409201049803,224.5500030517578,77.55000305175781,259.79998779296875
172,2021-11-29,243.8000030517578,245.1999969482422,228.6000061035156,230.8999938964844,21212402,0.0,0,279.0,201.4499969482422,-1,279.0,201.4499969482422,279.0,249.3758988342285,240.2249984741211,231.07409811401368,218.04569760131835,201.4499969482422,180.51149612426758,153.52409506225587,75.97409201049803,228.6000061035156,77.55000305175781,245.1999969482422
173,2021-11-30,230.5,241.0,227.1000061035156,229.0,17289468,0.0,0,279.0,201.4499969482422,-1,279.0,201.4499969482422,279.0,249.3758988342285,240.2249984741211,231.07409811401368,218.04569760131835,201.4499969482422,180.51149612426758,153.52409506225587,75.97409201049803,227.1000061035156,77.55000305175781,241.0
174,2021-12-01,231.4499969482422,252.0,228.8500061035156,250.5,44777313,0.0,0,279.0,201.4499969482422,-1,279.0,201.4499969482422,279.0,249.3758988342285,240.2249984741211,231.07409811401368,218.04569760131835,201.4499969482422,180.51149612426758,153.52409506225587,75.97409201049803,228.8500061035156,77.55000305175781,252.0
175,2021-12-02,252.1000061035156,259.8500061035156,245.3999938964844,256.3999938964844,45482433,0.0,0,279.0,201.4499969482422,-1,279.0,201.4499969482422,279.0,249.3758988342285,240.2249984741211,231.07409811401368,218.04569760131835,201.4499969482422,180.51149612426758,153.52409506225587,75.97409201049803,245.3999938964844,77.55000305175781,259.8500061035156
176,2021-12-03,256.8999938964844,265.95001220703125,252.8000030517578,256.45001220703125,43017258,0.0,0,279.0,201.4499969482422,-1,279.0,201.4499969482422,279.0,249.3758988342285,240.2249984741211,231.07409811401368,218.04569760131835,201.4499969482422,180.51149612426758,153.52409506225587,75.97409201049803,252.8000030517578,77.55000305175781,265.95001220703125
177,2021-12-06,255.0,256.79998779296875,242.5,243.75,22230305,0.0,0,279.0,201.4499969482422,-1,279.0,201.4499969482422,279.0,249.3758988342285,240.2249984741211,231.07409811401368,218.04569760131835,201.4499969482422,180.51149612426758,153.52409506225587,75.97409201049803,242.5,77.55000305175781,256.79998779296875
178,2021-12-07,248.0,259.5,244.6999969482422,246.8999938964844,35118683,0.0,0,279.0,201.4499969482422,-1,279.0,201.4499969482422,279.0,249.3758988342285,240.2249984741211,231.07409811401368,218.04569760131835,201.4499969482422,180.51149612426758,153.52409506225587,75.97409201049803,244.6999969482422,77.55000305175781,259.5
179,2021-12-08,250.1999969482422,254.0,247.1999969482422,250.8500061035156,15501651,0.0,0,279.0,201.4499969482422,-1,279.0,201.4499969482422,279.0,249.3758988342285,240.2249984741211,231.07409811401368,218.04569760131835,201.4499969482422,180.51149612426758,153.52409506225587,75.97409201049803,247.1999969482422,77.55000305175781,254.0
180,2021-12-09,253.0,255.25,246.8500061035156,250.9499969482422,19470970,0.0,0,279.0,201.4499969482422,-1,279.0,201.4499969482422,279.0,249.3758988342285,240.2249984741211,231.07409811401368,218.04569760131835,201.4499969482422,180.51149612426758,153.52409506225587,75.97409201049803,246.8500061035156,77.55000305175781,255.25
181,2021-12-10,253.0,264.0,251.3000030517578,258.79998779296875,29214619,0.0,0,279.0,201.4499969482422,-1,279.0,201.4499969482422,279.0,249.3758988342285,240.2249984741211,231.07409811401368,218.04569760131835,201.4499969482422,180.51149612426758,153.52409506225587,75.97409201049803,251.3000030517578,77.55000305175781,264.0
182,2021-12-13,265.0,269.0,258.0,259.6000061035156,20820212,0.0,0,279.0,201.4499969482422,-1,279.0,201.4499969482422,279.0,249.3758988342285,240.2249984741211,231.07409811401368,218.04569760131835,201.4499969482422,180.51149612426758,153.52409506225587,75.97409201049803,258.0,77.55000305175781,269.0
183,2021-12-14,257.0,268.0,255.1499938964844,264.1499938964844,19472605,0.0,0,279.0,201.4499969482422,-1,279.0,201.4499969482422,279.0,249.3758988342285,240.2249984741211,231.07409811401368,218.04569760131835,201.4499969482422,180.51149612426758,153.52409506225587,75.97409201049803,255.1499938964844,77.55000305175781,268.0
184,2021-12-15,267.0,274.0,263.0,264.95001220703125,35326252,0.0,0,279.0,201.4499969482422,-1,279.0,201.4499969482422,279.0,249.3758988342285,240.2249984741211,231.07409811401368,218.04569760131835,201.4499969482422,180.51149612426758,153.52409506225587,75.97409201049803,263.0,77.55000305175781,274.0
185,2021-12-16,279.0,279.0,248.6499938964844,254.0,107553662,0.0,0,279.0,201.4499969482422,-1,279.0,201.4499969482422,279.0,249.3758988342285,240.2249984741211,231.07409811401368,218.04569760131835,201.4499969482422,180.51149612426758,153.52409506225587,75.97409201049803,248.6499938964844,77.55000305175781,279.0
186,2021-12-17,252.9499969482422,252.9499969482422,215.8999938964844,233.1499938964844,102842145,0.0,0,279.0,201.4499969482422,-1,279.0,201.4499969482422,279.0,249.3758988342285,240.2249984741211,231.07409811401368,218.04569760131835,201.4499969482422,180.51149612426758,153.52409506225587,75.97409201049803,215.8999938964844,77.55000305175781,252.9499969482422
187,2021-12-20,225.0,230.3999938964844,212.3999938964844,217.5500030517578,32523994,0.0,0,279.0,201.4499969482422,-1,279.0,201.4499969482422,279.0,249.3758988342285,240.2249984741211,231.07409811401368,218.04569760131835,201.4499969482422,180.51149612426758,153.52409506225587,75.97409201049803,212.3999938964844,77.55000305175781,230.3999938964844
188,2021-12-21,222.0,225.9499969482422,217.1499938964844,218.3999938964844,20020354,0.0,0,279.0,201.4499969482422,-1,279.0,201.4499969482422,279.0,249.3758988342285,240.2249984741211,231.07409811401368,218.04569760131835,201.4499969482422,180.51149612426758,153.52409506225587,75.97409201049803,217.1499938964844,77.55000305175781,225.9499969482422
189,2021-12-22,220.8000030517578,225.0,219.0,222.75,14919319,0.0,0,279.0,201.4499969482422,-1,279.0,201.4499969482422,279.0,249.3758988342285,240.2249984741211,231.07409811401368,218.04569760131835,201.4499969482422,180.51149612426758,153.52409506225587,75.97409201049803,219.0,77.55000305175781,225.0
190,2021-12-23,225.0,227.4499969482422,223.25,224.1000061035156,10144336,0.0,0,279.0,201.4499969482422,-1,279.0,201.4499969482422,279.0,249.3758988342285,240.2249984741211,231.07409811401368,218.04569760131835,201.4499969482422,180.51149612426758,153.52409506225587,75.97409201049803,223.25,77.55000305175781,227.4499969482422
191,2021-12-24,225.1999969482422,225.6499938964844,218.1000061035156,219.75,9347934,0.0,0,279.0,201.4499969482422,-1,279.0,201.4499969482422,279.0,249.3758988342285,240.2249984741211,231.07409811401368,218.04569760131835,201.4499969482422,180.51149612426758,153.52409506225587,75.97409201049803,218.1000061035156,77.55000305175781,225.6499938964844
192,2021-12-27,219.0,219.0,212.5500030517578,217.0,10419801,0.0,0,279.0,201.4499969482422,-1,279.0,201.4499969482422,279.0,249.3758988342285,240.2249984741211,231.07409811401368,218.04569760131835,201.4499969482422,180.51149612426758,153.52409506225587,75.97409201049803,212.5500030517578,77.55000305175781,219.0
193,2021-12-28,217.5500030517578,222.5500030517578,217.5500030517578,220.1999969482422,7755553,0.0,0,279.0,201.4499969482422,-1,279.0,201.4499969482422,279.0,249.3758988342285,240.2249984741211,231.07409811401368,218.04569760131835,201.4499969482422,180.51149612426758,153.52409506225587,75.97409201049803,217.5500030517578,77.55000305175781,222.5500030517578
194,2021-12-29,220.25,221.8000030517578,215.8000030517578,216.9499969482422,8430706,0.0,0,279.0,201.4499969482422,-1,279.0,201.4499969482422,279.0,249.3758988342285,240.2249984741211,231.07409811401368,218.04569760131835,201.4499969482422,180.51149612426758,153.52409506225587,75.97409201049803,215.8000030517578,77.55000305175781,221.8000030517578
195,2021-12-30,216.9499969482422,219.1999969482422,211.5500030517578,212.8500061035156,18879279,0.0,0,279.0,201.4499969482422,-1,279.0,201.4499969482422,279.0,249.3758988342285,240.2249984741211,231.07409811401368,218.04569760131835,201.4499969482422,180.51149612426758,153.52409506225587,75.97409201049803,211.5500030517578,77.55000305175781,219.1999969482422
196,2021-12-31,215.8999938964844,219.6499938964844,215.25,218.0,19202045,0.0,0,279.0,201.4499969482422,-1,279.0,201.4499969482422,279.0,249.3758988342285,240.2249984741211,231.07409811401368,218.04569760131835,201.4499969482422,180.51149612426758,153.52409506225587,75.97409201049803,215.25,77.55000305175781,219.6499938964844
197,2022-01-03,218.0,222.3000030517578,217.25,220.9499969482422,11349609,0.0,0,279.0,201.4499969482422,-1,279.0,201.4499969482422,279.0,249.3758988342285,240.2249984741211,231.07409811401368,218.04569760131835,201.4499969482422,180.51149612426758,153.52409506225587,75.97409201049803,217.25,77.55000305175781,222.3000030517578
198,2022-01-04,222.0500030517578,223.3999938964844,215.6499938964844,217.75,14478268,0.0,0,279.0,201.4499969482422,-1,279.0,201.4499969482422,279.0,249.3758988342285,240.2249984741211,231.07409811401368,218.04569760131835,201.4499969482422,180.51149612426758,153.52409506225587,75.97409201049803,215.6499938964844,77.55000305175781,223.3999938964844
199,2022-01-05,217.8500061035156,218.8999938964844,215.0,216.6999969482422,11798557,0.0,0,279.0,201.4499969482422,-1,279.0,201.4499969482422,279.0,249.3758988342285,240.2249984741211,231.07409811401368,218.04569760131835,201.4499969482422,180.51149612426758,153.52409506225587,75.97409201049803,215.0,77.55000305175781,218.8999938964844
200,2022-01-06,215.8999938964844,223.3000030517578,214.25,221.8000030517578,15442394,0.0,0,279.0,201.4499969482422,-1,279.0,201.4499969482422,279.0,249.3758988342285,240.2249984741211,231.07409811401368,218.04569760131835,201.4499969482422,180.51149612426758,153.52409506225587,75.97409201049803,214.25,77.55000305175781,223.3000030517578
201,2022-01-07,223.4499969482422,225.1000061035156,218.1999969482422,220.3500061035156,11256436,0.0,0,279.0,201.4499969482422,-1,279.0,201.4499969482422,279.0,249.3758988342285,240.2249984741211,231.07409811401368,218.04569760131835,201.4499969482422,180.51149612426758,153.52409506225587,75.97409201049803,218.1999969482422,77.55000305175781,225.1000061035156
202,2022-01-10,221.3999938964844,228.6499938964844,220.5,226.3000030517578,16021265,0.0,0,228.6499938964844,219.5,-1,279.0,201.4499969482422,279.0,249.3758988342285,240.2249984741211,231.07409811401368,218.04569760131835,201.4499969482422,180.51149612426758,153.52409506225587,75.97409201049803,220.5,77.55000305175781,228.6499938964844
203,2022-01-11,225.0,226.3000030517578,220.6000061035156,221.25,7888730,0.0,0,228.6499938964844,219.5,-1,279.0,201.4499969482422,279.0,249.3758988342285,240.2249984741211,231.07409811401368,218.04569760131835,201.4499969482422,180.51149612426758,153.52409506225587,75.97409201049803,220.6000061035156,77.55000305175781,226.3000030517578
204,2022-01-12,222.4499969482422,223.8000030517578,219.5,220.6999969482422,5935492,0.0,0,228.6499938964844,219.5,-1,279.0,201.4499969482422,279.0,249.3758988342285,240.2249984741211,231.07409811401368,218.04569760131835,201.4499969482422,180.51149612426758,153.52409506225587,75.97409201049803,219.5,77.55000305175781,223.8000030517578
205,2022-01-13,222.0,223.4499969482422,220.0500030517578,220.5500030517578,5963493,0.0,0,228.6499938964844,219.5,-1,279.0,201.4499969482422,279.0,249.3758988342285,240.2249984741211,231.07409811401368,218.04569760131835,201.4499969482422,180.51149612426758,153.52409506225587,75.97409201049803,220.0500030517578,77.55000305175781,223.4499969482422
206,2022-01-14,220.5,222.8999938964844,219.5,221.6999969482422,4440060,0.0,0,228.6499938964844,219.5,-1,279.0,201.4499969482422,279.0,249.3758988342285,240.2249984741211,231.07409811401368,218.04569760131835,201.4499969482422,180.51149612426758,153.52409506225587,75.97409201049803,219.5,77.55000305175781,222.8999938964844
207,2022-01-17,222.0,224.25,220.6499938964844,222.5500030517578,6120556,0.0,0,228.6499938964844,219.5,-1,279.0,201.4499969482422,279.0,249.3758988342285,240.2249984741211,231.07409811401368,218.04569760131835,201.4499969482422,180.51149612426758,153.52409506225587,75.97409201049803,220.6499938964844,77.55000305175781,224.25
208,2022-01-18,223.25,227.6999969482422,220.5,221.3500061035156,11444707,0.0,0,227.6999969482422,203.8000030517578,-1,228.6499938964844,203.8000030517578,228.6499938964844,219.15729739379884,216.2249984741211,213.29269955444337,209.1179010925293,203.8000030517578,197.09050552368163,188.44270870971678,163.59271786499016,220.5,24.84999084472659,227.6999969482422
209,2022-01-19,221.3500061035156,221.8999938964844,217.5,218.8000030517578,7581698,0.0,0,227.6999969482422,203.8000030517578,-1,228.6499938964844,203.8000030517578,228.6499938964844,219.15729739379884,216.2249984741211,213.29269955444337,209.1179010925293,203.8000030517578,197.09050552368163,188.44270870971678,163.59271786499016,217.5,24.84999084472659,221.8999938964844
210,2022-01-20,219.5,222.3999938964844,218.1000061035156,218.8000030517578,6354859,0.0,0,227.6999969482422,203.8000030517578,-1,228.6499938964844,203.8000030517578,228.6499938964844,219.15729739379884,216.2249984741211,213.29269955444337,209.1179010925293,203.8000030517578,197.09050552368163,188.44270870971678,163.59271786499016,218.1000061035156,24.84999084472659,222.3999938964844
211,2022-01-21,218.8000030517578,222.8999938964844,217.1000061035156,220.1000061035156,9712544,0.0,0,227.6999969482422,203.8000030517578,-1,228.6499938964844,203.8000030517578,228.6499938964844,219.15729739379884,216.2249984741211,213.29269955444337,209.1179010925293,203.8000030517578,197.09050552368163,188.44270870971678,163.59271786499016,217.1000061035156,24.84999084472659,222.8999938964844
212,2022-01-24,220.1999969482422,221.25,207.1000061035156,209.25,9229234,0.0,0,227.6999969482422,203.8000030517578,-1,228.6499938964844,203.8000030517578,228.6499938964844,219.15729739379884,216.2249984741211,213.29269955444337,209.1179010925293,203.8000030517578,197.09050552368163,188.44270870971678,163.59271786499016,207.1000061035156,24.84999084472659,221.25
213,2022-01-25,208.6000061035156,214.8999938964844,204.8000030517578,213.3500061035156,10126912,0.0,0,227.6999969482422,203.8000030517578,-1,228.6499938964844,203.8000030517578,228.6499938964844,219.15729739379884,216.2249984741211,213.29269955444337,209.1179010925293,203.8000030517578,197.09050552368163,188.44270870971678,163.59271786499016,204.8000030517578,24.84999084472659,214.8999938964844
214,2022-01-27,209.9499969482422,212.5,203.8000030517578,208.4499969482422,9915177,0.0,0,227.6999969482422,203.8000030517578,-1,228.6499938964844,203.8000030517578,228.6499938964844,219.15729739379884,216.2249984741211,213.29269955444337,209.1179010925293,203.8000030517578,197.09050552368163,188.44270870971678,163.59271786499016,203.8000030517578,24.84999084472659,212.5
215,2022-01-28,210.8000030517578,218.0,210.1999969482422,211.25,10828747,0.0,0,227.6999969482422,203.8000030517578,-1,228.6499938964844,203.8000030517578,228.6499938964844,219.15729739379884,216.2249984741211,213.29269955444337,209.1179010925293,203.8000030517578,197.09050552368163,188.44270870971678,163.59271786499016,210.1999969482422,24.84999084472659,218.0
216,2022-01-31,214.6999969482422,214.6999969482422,209.75,210.6999969482422,6242696,0.0,0,227.6999969482422,203.8000030517578,-1,228.6499938964844,203.8000030517578,228.6499938964844,219.15729739379884,216.2249984741211,213.29269955444337,209.1179010925293,203.8000030517578,197.09050552368163,188.44270870971678,163.59271786499016,209.75,24.84999084472659,214.6999969482422
217,2022-02-01,213.5,216.5,209.3500061035156,213.8999938964844,7754153,0.0,0,227.6999969482422,203.8000030517578,-1,228.6499938964844,203.8000030517578,228.6499938964844,219.15729739379884,216.2249984741211,213.29269955444337,209.1179010925293,203.8000030517578,197.09050552368163,188.44270870971678,163.59271786499016,209.3500061035156,24.84999084472659,216.5
218,2022-02-02,215.3500061035156,221.0,215.1499938964844,219.5500030517578,8096886,0.0,0,227.6999969482422,203.8000030517578,-1,228.6499938964844,203.8000030517578,228.6499938964844,219.15729739379884,216.2249984741211,213.29269955444337,209.1179010925293,203.8000030517578,197.09050552368163,188.44270870971678,163.59271786499016,215.1499938964844,24.84999084472659,221.0
219,2022-02-03,220.0,222.75,218.5500030517578,219.5,7967823,0.0,0,222.75,181.6000061035156,-1,227.6999969482422,181.6000061035156,227.6999969482422,210.08980044555662,204.6500015258789,199.21020260620116,191.4654041442871,181.6000061035156,169.1530085754394,153.11021176147455,107.01022091674797,218.5500030517578,46.09999084472659,222.75
220,2022-02-04,219.8000030517578,221.6999969482422,213.5500030517578,214.3500061035156,7621080,0.0,0,222.75,181.6000061035156,-1,227.6999969482422,181.6000061035156,227.6999969482422,210.08980044555662,204.6500015258789,199.21020260620116,191.4654041442871,181.6000061035156,169.1530085754394,153.11021176147455,107.01022091674797,213.5500030517578,46.09999084472659,221.6999969482422
221,2022-02-07,215.1499938964844,216.25,208.1499938964844,209.1000061035156,7733436,0.0,0,222.75,181.6000061035156,-1,227.6999969482422,181.6000061035156,227.6999969482422,210.08980044555662,204.6500015258789,199.21020260620116,191.4654041442871,181.6000061035156,169.1530085754394,153.11021176147455,107.01022091674797,208.1499938964844,46.09999084472659,216.25
222,2022-02-08,210.0,211.1999969482422,195.6999969482422,197.3999938964844,17061964,0.0,0,222.75,181.6000061035156,-1,227.6999969482422,181.6000061035156,227.6999969482422,210.08980044555662,204.6500015258789,199.21020260620116,191.4654041442871,181.6000061035156,169.1530085754394,153.11021176147455,107.01022091674797,195.6999969482422,46.09999084472659,211.1999969482422
223,2022-02-09,199.0,207.8999938964844,194.0,206.6499938964844,13045603,0.0,0,222.75,181.6000061035156,-1,227.6999969482422,181.6000061035156,227.6999969482422,210.08980044555662,204.6500015258789,199.21020260620116,191.4654041442871,181.6000061035156,169.1530085754394,153.11021176147455,107.01022091674797,194.0,46.09999084472659,207.8999938964844
224,2022-02-10,206.6000061035156,208.6999969482422,201.8000030517578,205.3999938964844,10956644,0.0,0,222.75,181.6000061035156,-1,227.6999969482422,181.6000061035156,227.6999969482422,210.08980044555662,204.6500015258789,199.21020260620116,191.4654041442871,181.6000061035156,169.1530085754394,153.11021176147455,107.01022091674797,201.8000030517578,46.09999084472659,208.6999969482422
225,2022-02-11,202.0,206.6999969482422,196.8999938964844,197.8500061035156,8838265,0.0,0,222.75,181.6000061035156,-1,227.6999969482422,181.6000061035156,227.6999969482422,210.08980044555662,204.6500015258789,199.21020260620116,191.4654041442871,181.6000061035156,169.1530085754394,153.11021176147455,107.01022091674797,196.8999938964844,46.09999084472659,206.6999969482422
226,2022-02-14,194.5,194.5,182.0500030517578,183.0500030517578,13348047,0.0,0,222.75,181.6000061035156,-1,227.6999969482422,181.6000061035156,227.6999969482422,210.08980044555662,204.6500015258789,199.21020260620116,191.4654041442871,181.6000061035156,169.1530085754394,153.11021176147455,107.01022091674797,182.0500030517578,46.09999084472659,194.5
227,2022-02-15,185.6999969482422,189.9499969482422,181.6000061035156,189.1999969482422,10180245,0.0,0,222.75,181.6000061035156,-1,227.6999969482422,181.6000061035156,227.6999969482422,210.08980044555662,204.6500015258789,199.21020260620116,191.4654041442871,181.6000061035156,169.1530085754394,153.11021176147455,107.01022091674797,181.6000061035156,46.09999084472659,189.9499969482422
228,2022-02-16,192.0500030517578,194.4499969482422,189.6999969482422,191.3000030517578,5834755,0.0,0,194.4499969482422,130.1999969482422,-1,222.75,130.1999969482422,222.75,187.39589883422852,176.4749984741211,165.55409811401367,150.00569760131836,130.1999969482422,105.21149612426758,73.00409506225586,-19.545907989501984,189.6999969482422,92.55000305175781,194.4499969482422
229,2022-02-17,193.0,193.9499969482422,188.5,189.6000061035156,5377869,0.0,0,194.4499969482422,130.1999969482422,-1,222.75,130.1999969482422,222.75,187.39589883422852,176.4749984741211,165.55409811401367,150.00569760131836,130.1999969482422,105.21149612426758,73.00409506225586,-19.545907989501984,188.5,92.55000305175781,193.9499969482422
230,2022-02-18,188.0,189.1499938964844,183.75,184.5,4329626,0.0,0,194.4499969482422,130.1999969482422,-1,222.75,130.1999969482422,222.75,187.39589883422852,176.4749984741211,165.55409811401367,150.00569760131836,130.1999969482422,105.21149612426758,73.00409506225586,-19.545907989501984,183.75,92.55000305175781,189.1499938964844
231,2022-02-21,182.0,191.6000061035156,160.25,166.3000030517578,32829709,0.0,0,194.4499969482422,130.1999969482422,-1,222.75,130.1999969482422,222.75,187.39589883422852,176.4749984741211,165.55409811401367,150.00569760131836,130.1999969482422,105.21149612426758,73.00409506225586,-19.545907989501984,160.25,92.55000305175781,191.6000061035156
232,2022-02-22,158.0,174.0,154.0,167.8000030517578,52925974,0.0,0,194.4499969482422,130.1999969482422,-1,222.75,130.1999969482422,222.75,187.39589883422852,176.4749984741211,165.55409811401367,150.00569760131836,130.1999969482422,105.21149612426758,73.00409506225586,-19.545907989501984,154.0,92.55000305175781,174.0
233,2022-02-23,170.9499969482422,172.75,161.0500030517578,162.75,16990839,0.0,0,194.4499969482422,130.1999969482422,-1,222.75,130.1999969482422,222.75,187.39589883422852,176.4749984741211,165.55409811401367,150.00569760131836,130.1999969482422,105.21149612426758,73.00409506225586,-19.545907989501984,161.0500030517578,92.55000305175781,172.75
234,2022-02-24,152.0,156.0,135.39999389648438,148.5500030517578,48408123,0.0,0,194.4499969482422,130.1999969482422,-1,222.75,130.1999969482422,222.75,187.39589883422852,176.4749984741211,165.55409811401367,150.00569760131836,130.1999969482422,105.21149612426758,73.00409506225586,-19.545907989501984,135.39999389648438,92.55000305175781,156.0
235,2022-02-25,154.89999389648438,157.35000610351562,143.3000030517578,148.64999389648438,36518681,0.0,0,194.4499969482422,130.1999969482422,-1,222.75,130.1999969482422,222.75,187.39589883422852,176.4749984741211,165.55409811401367,150.00569760131836,130.1999969482422,105.21149612426758,73.00409506225586,-19.545907989501984,143.3000030517578,92.55000305175781,157.35000610351562
236,2022-02-28,144.0,151.6999969482422,144.0,149.89999389648438,20215109,0.0,0,194.4499969482422,130.1999969482422,-1,222.75,130.1999969482422,222.75,187.39589883422852,176.4749984741211,165.55409811401367,150.00569760131836,130.1999969482422,105.21149612426758,73.00409506225586,-19.545907989501984,144.0,92.55000305175781,151.6999969482422
237,2022-03-02,148.5,156.5,147.10000610351562,151.5500030517578,16912604,0.0,0,194.4499969482422,130.1999969482422,-1,222.75,130.1999969482422,222.75,187.39589883422852,176.4749984741211,165.55409811401367,150.00569760131836,130.1999969482422,105.21149612426758,73.00409506225586,-19.545907989501984,147.10000610351562,92.55000305175781,156.5
238,2022-03-03,155.0,156.25,151.35000610351562,152.35000610351562,10495935,0.0,0,194.4499969482422,130.1999969482422,-1,222.75,130.1999969482422,222.75,187.39589883422852,176.4749984741211,165.55409811401367,150.00569760131836,130.1999969482422,105.21149612426758,73.00409506225586,-19.545907989501984,151.35000610351562,92.55000305175781,156.25
239,2022-03-04,155.0500030517578,155.1999969482422,144.1999969482422,145.1999969482422,16972222,0.0,0,194.4499969482422,130.1999969482422,-1,222.75,130.1999969482422,222.75,187.39589883422852,176.4749984741211,165.55409811401367,150.00569760131836,130.1999969482422,105.21149612426758,73.00409506225586,-19.545907989501984,144.1999969482422,92.55000305175781,155.1999969482422
240,2022-03-07,143.0,143.0,133.39999389648438,135.60000610351562,20165694,0.0,0,194.4499969482422,130.1999969482422,-1,222.75,130.1999969482422,222.75,187.39589883422852,176.4749984741211,165.55409811401367,150.00569760131836,130.1999969482422,105.21149612426758,73.00409506225586,-19.545907989501984,133.39999389648438,92.55000305175781,143.0
241,2022-03-08,135.10000610351562,139.64999389648438,130.1999969482422,135.25,20319257,0.0,0,194.4499969482422,130.1999969482422,-1,222.75,130.1999969482422,222.75,187.39589883422852,176.4749984741211,165.55409811401367,150.00569760131836,130.1999969482422,105.21149612426758,73.00409506225586,-19.545907989501984,130.1999969482422,92.55000305175781,139.64999389648438
242,2022-03-09,137.8000030517578,152.5,136.25,150.3000030517578,31075108,0.0,0,194.4499969482422,130.1999969482422,-1,222.75,130.1999969482422,222.75,187.39589883422852,176.4749984741211,165.55409811401367,150.00569760131836,130.1999969482422,105.21149612426758,73.00409506225586,-19.545907989501984,136.25,92.55000305175781,152.5
243,2022-03-10,155.0,156.0,147.10000610351562,149.4499969482422,20835892,0.0,0,194.4499969482422,130.1999969482422,-1,222.75,130.1999969482422,222.75,187.39589883422852,176.4749984741211,165.55409811401367,150.00569760131836,130.1999969482422,105.21149612426758,73.00409506225586,-19.545907989501984,147.10000610351562,92.55000305175781,156.0
244,2022-03-11,148.75,153.39999389648438,147.6999969482422,150.9499969482422,13364872,0.0,0,194.4499969482422,130.1999969482422,-1,222.75,130.1999969482422,222.75,187.39589883422852,176.4749984741211,165.55409811401367,150.00569760131836,130.1999969482422,105.21149612426758,73.00409506225586,-19.545907989501984,147.6999969482422,92.55000305175781,153.39999389648438
245,2022-03-14,151.75,152.0,146.75,150.39999389648438,11089162,0.0,0,194.4499969482422,130.1999969482422,-1,222.75,130.1999969482422,222.75,187.39589883422852,176.4749984741211,165.55409811401367,150.00569760131836,130.1999969482422,105.21149612426758,73.00409506225586,-19.545907989501984,146.75,92.55000305175781,152.0
246,2022-03-15,153.64999389648438,169.5500030517578,152.35000610351562,156.35000610351562,50389320,0.0,0,194.4499969482422,130.1999969482422,-1,222.75,130.1999969482422,222.75,187.39589883422852,176.4749984741211,165.55409811401367,150.00569760131836,130.1999969482422,105.21149612426758,73.00409506225586,-19.545907989501984,152.35000610351562,92.55000305175781,169.5500030517578
247,2022-03-16,158.5,160.5500030517578,155.10000610351562,156.89999389648438,15068574,0.0,0,194.4499969482422,130.1999969482422,-1,222.75,130.1999969482422,222.75,187.39589883422852,176.4749984741211,165.55409811401367,150.00569760131836,130.1999969482422,105.21149612426758,73.00409506225586,-19.545907989501984,155.10000610351562,92.55000305175781,160.5500030517578
248,2022-03-17,159.3000030517578,162.0,158.5500030517578,161.10000610351562,14550814,0.0,0,0.0,130.1999969482422,0,0.0,0.0,222.75,187.39589883422852,176.4749984741211,165.55409811401367,150.00569760131836,130.1999969482422,105.21149612426758,73.00409506225586,-19.545907989501984,161.10000610351562,0.0,162.0
